id;nom;prenom;raison_social;adresse;telephone;identifiant;type_personne
1;reciprocal payment;Kuwait;Belize Dollar compressing Handcrafted;Rhode Island Administrator compressing;1-739-233-8993;world-class Integration;PHYSIQUE
2;Handcrafted Rubber Car fault-tolerant Internal;online Kids neural;content;Checking Account virtual Internal;017.532.9744 x55812;Cotton;MORALE
3;connect Avon;online;Handmade;Handcrafted Plastic Salad Idaho;(968) 922-3083 x453;haptic;PHYSIQUE
4;Interactions Bike;payment;Borders;Forward overriding Product;513-210-2609 x0133;analyzing;PHYSIQUE
5;Money Market Account Avon;reboot;Nicaragua Cambridgeshire;Cotton;(938) 885-9076 x99056;invoice;MORALE
6;feed;Chief Berkshire;SQL Checking Account;IB bricks-and-clicks viral;469-469-4219 x353;generating;MORALE
7;Corporate index withdrawal;Mouse Auto Loan Account;red program;hack Producer Serbian Dinar;1-631-731-2766 x5300;FTP Handmade Rubber Fish Mexico;MORALE
8;Cocos (Keeling) Islands Investor Investment Account;Hat Money Market Account next generation;Books;Glens SMS;1-774-454-3821;Mill El Salvador Colon US Dollar;PHYSIQUE
9;deploy Clothing;fresh-thinking Sleek;eyeballs Principal;Plain;208.146.0419;Buckinghamshire generating Credit Card Account;MORALE
10;models;parsing Granite;Venezuela;JSON secondary Beauty;(068) 299-3852;knowledge base syndicate;PHYSIQUE
