id;code;date;montant
1;Christmas Island ADP Hat;2021-08-14T11:42:22;39403
2;Sleek Plastic Car Specialist Graphic Interface;2021-08-14T19:45:28;12652
3;International Kwanza navigating;2021-08-14T12:44:34;98126
4;solid state primary array;2021-08-14T00:22:15;7093
5;Practical indexing;2021-08-13T22:46:27;77049
6;definition Analyst;2021-08-14T01:11:08;95949
7;Rustic;2021-08-14T16:08:51;52276
8;markets;2021-08-14T10:05:46;73601
9;eyeballs;2021-08-14T16:52:38;4282
10;Intelligent Steel Chicken 5th generation;2021-08-14T17:56:37;87124
