id;nom;prenom;telephone;matricule;salaire
1;online Creek;Generic Plastic Bacon focus group Maryland;666.088.0925 x898;Jewelery index Money Market Account;68653
2;connecting Web;New Leu Organic withdrawal;436-401-2064;Rial Omani;8728
3;portal interfaces Soap;ability invoice;904-734-2856;Gorgeous Salad;59346
4;Avon quantify;JSON utilize;178.788.7378;grow payment solutions;95799
5;systemic 24/365 Tennessee;Synchronised;1-176-660-5095 x051;Configuration hacking;73432
6;Synergized;Architect Fields;(876) 292-1287;Jewelery Associate eyeballs;39365
7;Steel Denmark;wireless hub Cheese;518-508-6865 x43167;Fresh multi-byte;89864
8;hard drive;backing up;(964) 444-4154 x3439;Incredible Steel Keyboard Rand;81684
9;Beauty Luxembourg compress;Configurable connecting;1-543-782-7491;Buckinghamshire;56920
10;Idaho;Rustic integrate;1-774-729-9178;SMTP;5607
