id;libelle;adresse;telephone;email
1;Tactics Personal Loan Account;RSS;1-400-408-4998 x39541;Shemar_Larson52@gmail.com
2;Infrastructure Consultant Cheese;open-source;358-924-2478 x26348;Cora99@yahoo.com
3;e-markets;override override Avon;388-966-4066;Kaylin84@gmail.com
4;extend;Ergonomic Concrete Bacon;801.475.1344;Lexus81@hotmail.com
5;hard drive;mobile interface;(282) 719-1264 x51976;Zena.Cremin48@yahoo.com
6;Ports Accountability;Plastic GB azure;1-575-879-8360 x9193;Camila78@hotmail.com
7;needs-based payment;compress Borders;599.004.1819;Krystel.Strosin@yahoo.com
8;Movies plum groupware;Accounts Technician;263.080.9453;Cloyd88@gmail.com
9;local one-to-one;navigate connecting;771-614-3637 x74883;Stefan.Wyman73@gmail.com
10;Berkshire Practical Plastic Table;Movies streamline GB;(053) 534-8132 x66314;Orrin74@hotmail.com
